{"noiseKey":{"private":{"type":"Buffer","data":"kMxqf38tBlDIZxsmRdh4FCFYHmYAbj1UInsw/vQuwk4="},"public":{"type":"Buffer","data":"CEEZ3M0OkIKlEi8YWeK5WXYOD0bJfABxujFl1mPmZgQ="}},"pairingEphemeralKeyPair":{"private":{"type":"Buffer","data":"AJpMGt+9SdP/u4GNgd3AaOkcFu96sG054n/ydcvOeXU="},"public":{"type":"Buffer","data":"CwvTExGQseGsDtxtA5ly9ra+c3EOSatKKRXtVmXdZhQ="}},"signedIdentityKey":{"private":{"type":"Buffer","data":"0BypzOTl/gmcWk3eCuzf3dNW8y3SPPQhfzZvWcvA3ms="},"public":{"type":"Buffer","data":"2hScUKi7+3VZVFUqLd7SeYuvT9Ra8P3elffgstLSblM="}},"signedPreKey":{"keyPair":{"private":{"type":"Buffer","data":"iDeCddOb797u6H4waZF3ivxuqhykPJDOhFyy7e9YnHA="},"public":{"type":"Buffer","data":"5h0IkXC6WqLi6Mcv5AmYaz8Ij6aRaBGUbBfSa4dirhA="}},"signature":{"type":"Buffer","data":"wMWEBmP28gw5SlVWIg1lqudmGrLWduJluUkfWG0q5CHvAaUYuGmVBiNFbNlI3AP1Fuy5RUAZR57QTObqRLu5gw=="},"keyId":1},"registrationId":126,"advSecretKey":"rF8aeDWVLNG+SlCQH0xKFVS3Ja6IWy9s0hqyhxKvQzM=","processedHistoryMessages":[{"key":{"remoteJid":"441135220437@s.whatsapp.net","fromMe":true,"id":"A0DAC534F6F5F8A0A0B9B438D1B93401"},"messageTimestamp":1730425198}],"nextPreKeyId":31,"firstUnuploadedPreKeyId":31,"accountSyncCounter":0,"accountSettings":{"unarchiveChats":false},"deviceId":"Q32mdx2hQAurh7ONvdkBgg","phoneId":"9cdff8db-e2f5-491a-89ad-dfdc421300ac","identityId":{"type":"Buffer","data":"1p9OaBLvIbJwTEyxmkaw2j0Hj7o="},"registered":true,"backupToken":{"type":"Buffer","data":"WzybdruG1EFI6sz+wUYaFn8FAsQ="},"registration":{},"pairingCode":"CVWDKQJS","me":{"id":"441135220437:49@s.whatsapp.net","name":"Clover Bot","lid":"280384625447037:49@lid"},"account":{"details":"CIbnlpkDEOjikLkGGAEgACgA","accountSignatureKey":"tkKCO0Krq/BFJZB7mBqqjN+0TOaqtLH1Yc1UmDxMHwk=","accountSignature":"HaUqeqzg9UNmC+utNquTsKr105ZY+G2WlAzQ8VW33OnfafFOflDkvCSIaFWFcBwmgcR7biddRowiknfKANTvBg==","deviceSignature":"es8qjNqfijU3U3v07UcDPv+u9O5GHfbXBjb4ygelajoXyiMaAcTceSNtGZvELrzmcxEEdbYTRoNUN5/oj4c4hg=="},"signalIdentities":[{"identifier":{"name":"441135220437:49@s.whatsapp.net","deviceId":0},"identifierKey":{"type":"Buffer","data":"BbZCgjtCq6vwRSWQe5gaqozftEzmqrSx9WHNVJg8TB8J"}}],"platform":"smba","routingInfo":{"type":"Buffer","data":"CAsICA=="},"lastAccountSyncTimestamp":1730425195,"lastPropHash":"3reSB1","myAppStateKeyId":"AAAAAN9X"}